{
    //links是转发关系，比如从id:1->0
    "links":[
    {
        "source": "1",
        "target": "0"        
    },
    {
        "source": "2",
        "target": "3"        
    },    {
        "source": "1",
        "target": "3"        
    }
    ],
    "nodes":[{
        "id": "0",
        "name": "用户1"
    },
    {
        "id": "1",
        "name": "用户2"
    },
    {
        "id": "2",
        "name": "用户3"
    },
    {
        "id": "3",
        "name": "用户4"
    }
]
}