{
    "date":["3月21日","3月21日","3月21日","3月21日","3月21日","3月21日","3月21日"],
    "names":["知乎","百度","微博","总体"],
    "platform":[
        {
            "name":"知乎",
            "data":[120, 132, 101, 134, 90, 230, 210]
        },
        {
            "name":"百度",
            "data":[120, 132, 101, 134, 90, 230, 210]
        },
        {
            "name":"微博",
            "data":[120, 132, 101, 134, 90, 230, 210]
        },
        {
            "name":"总体",
            "data":[120, 132, 101, 134, 90, 230, 210]
        }
    ]
}